DATE,gPCPIXB4,gPCPIXB3,gPCPIXB2,gPCPIXB1,gPCPIXF0,gPCPIXF1,gPCPIXF2,gPCPIXF3,gPCPIXF4,gPCPIXF5,gPCPIXF6,gPCPIXF7,gPCPIXF8,gPCPIXF9,GBdate,meeting_date
1967.1,,,,,,,,,,,,,,,19670329,
1967.2,,,,,,,,,,,,,,,19670426,
1967.2,,,,,,,,,,,,,,,19670517,
1967.2,,,,,,,,,,,,,,,19670614,
1967.3,,,,,,,,,,,,,,,19670717,
1967.3,,,,,,,,,,,,,,,19670809,
1967.3,,,,,,,,,,,,,,,19670907,
1967.3,,,,,,,,,,,,,,,19670927,
1967.4,,,,,,,,,,,,,,,19671018,
1967.4,,,,,,,,,,,,,,,19671108,
1967.4,,,,,,,,,,,,,,,19671206,
1968.1,,,,,,,,,,,,,,,19680104,
1968.1,,,,,,,,,,,,,,,19680131,
1968.1,,,,,,,,,,,,,,,19680206,
1968.1,,,,,,,,,,,,,,,19680228,
1968.1,,,,,,,,,,,,,,,19680327,
1968.2,,,,,,,,,,,,,,,19680424,
1968.2,,,,,,,,,,,,,,,19680522,
1968.2,,,,,,,,,,,,,,,19680612,
1968.3,,,,,,,,,,,,,,,19680710,
1968.3,,,,,,,,,,,,,,,19680807,
1968.3,,,,,,,,,,,,,,,19680904,
1968.4,,,,,,,,,,,,,,,19681002,
1968.4,,,,,,,,,,,,,,,19681023,
1968.4,,,,,,,,,,,,,,,19681120,
1968.4,,,,,,,,,,,,,,,19681211,
1969.1,,,,,,,,,,,,,,,19690108,
1969.1,,,,,,,,,,,,,,,19690129,
1969.1,,,,,,,,,,,,,,,19690226,
1969.1,,,,,,,,,,,,,,,19690326,
1969.2,,,,,,,,,,,,,,,19690423,
1969.2,,,,,,,,,,,,,,,19690521,
1969.2,,,,,,,,,,,,,,,19690618,
1969.3,,,,,,,,,,,,,,,19690709,
1969.3,,,,,,,,,,,,,,,19690806,
1969.3,,,,,,,,,,,,,,,19690904,
1969.4,,,,,,,,,,,,,,,19691001,
1969.4,,,,,,,,,,,,,,,19691022,
1969.4,,,,,,,,,,,,,,,19691119,
1969.4,,,,,,,,,,,,,,,19691210,
1970.1,,,,,,,,,,,,,,,19700107,
1970.1,,,,,,,,,,,,,,,19700204,
1970.1,,,,,,,,,,,,,,,19700304,
1970.2,,,,,,,,,,,,,,,19700401,
1970.2,,,,,,,,,,,,,,,19700429,
1970.2,,,,,,,,,,,,,,,19700520,
1970.2,,,,,,,,,,,,,,,19700617,
1970.3,,,,,,,,,,,,,,,19700715,
1970.3,,,,,,,,,,,,,,,19700812,
1970.3,,,,,,,,,,,,,,,19700909,
1970.4,,,,,,,,,,,,,,,19701014,
1970.4,,,,,,,,,,,,,,,19701111,
1970.4,,,,,,,,,,,,,,,19701209,
1971.1,,,,,,,,,,,,,,,19710106,
1971.1,,,,,,,,,,,,,,,19710203,
1971.1,,,,,,,,,,,,,,,19710303,
1971.1,,,,,,,,,,,,,,,19710331,
1971.2,,,,,,,,,,,,,,,19710428,
1971.2,,,,,,,,,,,,,,,19710602,
1971.2,,,,,,,,,,,,,,,19710623,
1971.3,,,,,,,,,,,,,,,19710721,
1971.3,,,,,,,,,,,,,,,19710820,
1971.3,,,,,,,,,,,,,,,19710915,
1971.4,,,,,,,,,,,,,,,19711013,
1971.4,,,,,,,,,,,,,,,19711110,
1971.4,,,,,,,,,,,,,,,19711208,
1972.1,,,,,,,,,,,,,,,19720107,
1972.1,,,,,,,,,,,,,,,19720209,
1972.1,,,,,,,,,,,,,,,19720315,
1972.2,,,,,,,,,,,,,,,19720412,
1972.2,,,,,,,,,,,,,,,19720517,
1972.2,,,,,,,,,,,,,,,19720614,
1972.3,,,,,,,,,,,,,,,19720712,
1972.3,,,,,,,,,,,,,,,19720809,
1972.3,,,,,,,,,,,,,,,19720913,
1972.4,,,,,,,,,,,,,,,19721011,
1972.4,,,,,,,,,,,,,,,19721115,
1972.4,,,,,,,,,,,,,,,19721213,
1973.1,,,,,,,,,,,,,,,19730110,
1973.1,,,,,,,,,,,,,,,19730207,
1973.1,,,,,,,,,,,,,,,19730314,
1973.2,,,,,,,,,,,,,,,19730411,
1973.2,,,,,,,,,,,,,,,19730509,
1973.2,,,,,,,,,,,,,,,19730618,
1973.3,,,,,,,,,,,,,,,19730711,
1973.3,,,,,,,,,,,,,,,19730815,
1973.3,,,,,,,,,,,,,,,19730912,
1973.4,,,,,,,,,,,,,,,19731010,
1973.4,,,,,,,,,,,,,,,19731114,
1973.4,,,,,,,,,,,,,,,19731212,
1974.1,,,,,,,,,,,,,,,19740116,
1974.1,,,,,,,,,,,,,,,19740213,
1974.1,,,,,,,,,,,,,,,19740313,
1974.2,,,,,,,,,,,,,,,19740410,
1974.2,,,,,,,,,,,,,,,19740515,
1974.2,,,,,,,,,,,,,,,19740612,
1974.3,,,,,,,,,,,,,,,19740710,
1974.3,,,,,,,,,,,,,,,19740814,
1974.3,,,,,,,,,,,,,,,19740904,
1974.4,,,,,,,,,,,,,,,19741009,
1974.4,,,,,,,,,,,,,,,19741113,
1974.4,,,,,,,,,,,,,,,19741211,
1975.1,,,,,,,,,,,,,,,19750115,
1975.1,,,,,,,,,,,,,,,19750212,
1975.1,,,,,,,,,,,,,,,19750312,
1975.2,,,,,,,,,,,,,,,19750409,
1975.2,,,,,,,,,,,,,,,19750514,
1975.2,,,,,,,,,,,,,,,19750611,
1975.3,,,,,,,,,,,,,,,19750709,
1975.3,,,,,,,,,,,,,,,19750813,
1975.3,,,,,,,,,,,,,,,19750910,
1975.4,,,,,,,,,,,,,,,19751015,
1975.4,,,,,,,,,,,,,,,19751112,
1975.4,,,,,,,,,,,,,,,19751210,
1976.1,,,,,,,,,,,,,,,19760114,
1976.1,,,,,,,,,,,,,,,19760211,
1976.1,,,,,,,,,,,,,,,19760310,
1976.2,,,,,,,,,,,,,,,19760414,1976-04-20
1976.2,,,,,,,,,,,,,,,19760512,1976-05-18
1976.2,,,,,,,,,,,,,,,19760616,1976-06-22
1976.3,,,,,,,,,,,,,,,19760714,1976-07-20
1976.3,,,,,,,,,,,,,,,19760811,1976-08-17
1976.3,,,,,,,,,,,,,,,19760915,1976-09-21
1976.4,,,,,,,,,,,,,,,19761013,1976-10-19
1976.4,,,,,,,,,,,,,,,19761110,1976-11-16
1976.4,,,,,,,,,,,,,,,19761215,1976-12-21
1977.1,,,,,,,,,,,,,,,19770112,1977-01-18
1977.1,,,,,,,,,,,,,,,19770209,1977-02-15
1977.1,,,,,,,,,,,,,,,19770309,1977-03-15
1977.2,,,,,,,,,,,,,,,19770415,1977-04-19
1977.2,,,,,,,,,,,,,,,19770511,1977-05-17
1977.2,,,,,,,,,,,,,,,19770615,1977-06-21
1977.3,,,,,,,,,,,,,,,19770713,1977-07-19
1977.3,,,,,,,,,,,,,,,19770810,1977-08-16
1977.3,,,,,,,,,,,,,,,19770914,1977-09-20
1977.4,,,,,,,,,,,,,,,19771012,1977-10-18
1977.4,,,,,,,,,,,,,,,19771109,1977-11-15
1977.4,,,,,,,,,,,,,,,19771214,1977-12-20
1978.1,,,,,,,,,,,,,,,19780111,1978-01-17
1978.1,,,,,,,,,,,,,,,19780222,1978-02-28
1978.1,,,,,,,,,,,,,,,19780315,1978-03-21
1978.2,,,,,,,,,,,,,,,19780412,1978-04-18
1978.2,,,,,,,,,,,,,,,19780510,1978-05-16
1978.2,,,,,,,,,,,,,,,19780614,1978-06-20
1978.3,,,,,,,,,,,,,,,19780712,1978-07-18
1978.3,,,,,,,,,,,,,,,19780809,1978-08-15
1978.3,,,,,,,,,,,,,,,19780913,1978-09-19
1978.4,,,,,,,,,,,,,,,19781011,1978-10-17
1978.4,,,,,,,,,,,,,,,19781115,1978-11-21
1978.4,,,,,,,,,,,,,,,19781213,1978-12-19
1979.1,,,,,,,,,,,,,,,19790131,1979-02-06
1979.1,,,,,,,,,,,,,,,19790314,1979-03-20
1979.2,,,,,,,,,,,,,,,19790411,1979-04-17
1979.2,,,,,,,,,,,,,,,19790516,1979-05-22
1979.3,,,,,,,,,,,,,,,19790703,1979-07-11
1979.3,,,,,,,,,,,,,,,19790808,1979-08-14
1979.3,,,,,,,,,,,,,,,19790912,1979-09-18
1979.4,,,,,,,,,,,,,,,19791012,1979-10-06
1979.4,,,,,,,,,,,,,,,19791114,1979-11-20
1980.1,,,,,,,,,,,,,,,19800103,1980-01-09
1980.1,,,,,,,,,,,,,,,19800130,1980-02-05
1980.1,,,,,,,,,,,,,,,19800314,1980-03-18
1980.2,,,,,,,,,,,,,,,19800416,1980-04-22
1980.2,,,,,,,,,,,,,,,19800514,1980-05-20
1980.3,,,,,,,,,,,,,,,19800702,1980-07-09
1980.3,,,,,,,,,,,,,,,19800806,1980-08-12
1980.3,,,,,,,,,,,,,,,19800910,1980-09-16
1980.4,,,,,,,,,,,,,,,19801015,1980-10-21
1980.4,,,,,,,,,,,,,,,19801112,1980-11-18
1980.4,,,,,,,,,,,,,,,19801212,1980-12-19
1981.1,,,,,,,,,,,,,,,19810128,1981-02-03
1981.1,,,,,,,,,,,,,,,19810325,1981-03-31
1981.2,,,,,,,,,,,,,,,19810513,1981-05-18
1981.3,,,,,,,,,,,,,,,19810701,1981-07-07
1981.3,,,,,,,,,,,,,,,19810812,1981-08-18
1981.3,,,,,,,,,,,,,,,19810930,1981-10-06
1981.4,,,,,,,,,,,,,,,19811110,1981-11-17
1981.4,,,,,,,,,,,,,,,19811216,1981-12-22
1982.1,,,,,,,,,,,,,,,19820127,1982-02-02
1982.1,,,,,,,,,,,,,,,19820324,1982-03-30
1982.2,,,,,,,,,,,,,,,19820512,1982-05-18
1982.2,,,,,,,,,,,,,,,19820623,1982-07-01
1982.3,,,,,,,,,,,,,,,19820818,1982-08-24
1982.3,,,,,,,,,,,,,,,19820929,1982-10-05
1982.4,,,,,,,,,,,,,,,19821110,1982-11-16
1982.4,,,,,,,,,,,,,,,19821215,1982-12-21
1983.1,,,,,,,,,,,,,,,19830202,1983-02-09
1983.1,,,,,,,,,,,,,,,19830323,1983-03-29
1983.2,,,,,,,,,,,,,,,19830518,1983-05-24
1983.3,,,,,,,,,,,,,,,19830706,1983-07-13
1983.3,,,,,,,,,,,,,,,19830817,1983-08-23
1983.3,,,,,,,,,,,,,,,19830928,1983-10-04
1983.4,,,,,,,,,,,,,,,19831109,1983-11-15
1983.4,,,,,,,,,,,,,,,19831214,1983-12-20
1984.1,,,,,,,,,,,,,,,19840125,1984-01-31
1984.1,,,,,,,,,,,,,,,19840321,1984-03-27
1984.2,,,,,,,,,,,,,,,19840516,1984-05-22
1984.3,,,,,,,,,,,,,,,19840711,1984-07-17
1984.3,,,,,,,,,,,,,,,19840815,1984-08-21
1984.3,,,,,,,,,,,,,,,19840926,1984-10-02
1984.4,,,,,,,,,,,,,,,19841031,1984-11-07
1984.4,,,,,,,,,,,,,,,19841212,1984-12-18
1985.1,,,,,,,,,,,,,,,19850206,1985-02-13
1985.1,,,,,,,,,,,,,,,19850320,1985-03-26
1985.2,,,,,,,,,,,,,,,19850515,1985-05-21
1985.3,,,,,,,,,,,,,,,19850703,1985-07-10
1985.3,,,,,,,,,,,,,,,19850814,1985-08-20
1985.3,,,,,,,,,,,,,,,19850925,1985-10-01
1985.4,,,,,,,,,,,,,,,19851030,1985-11-05
1985.4,,,,,,,,,,,,,,,19851211,1985-12-17
1986.1,,,3.6,4.8,4.9,4.7,4.6,4.7,5,5,5.2,5.3,,,19860205,1986-02-12
1986.1,,,3.5,4.9,4.4,4.6,4.6,4.7,4.9,4.9,5.2,5.3,,,19860326,1986-04-01
1986.2,,3.5,4.9,4.3,4,4.4,4.5,4.7,4.7,4.9,5,,,,19860514,1986-05-20
1986.3,3.5,4.9,4.2,3.5,3.8,4.2,4.3,4.4,4.6,4.7,,,,,19860702,1986-07-09
1986.3,3.5,4.9,4.3,3.4,3.5,3.7,4,4.1,4.3,4.4,,,,,19860813,1986-08-19
1986.3,3.5,4.9,4.3,3.4,3.3,3.4,4,4.1,4.4,4.4,,,,,19860917,1986-09-23
1986.4,4.9,4.3,3.4,3.6,3.8,3.7,3.8,3.9,3.9,,,,,,19861029,1986-11-05
1986.4,4.9,4.3,3.4,3.6,4.1,3.7,3.7,3.9,4,,,,,,19861210,1986-12-16
1987.1,,,3.6,4.1,3.3,3.6,4.1,4.1,4.7,4.6,4.8,4.9,,,19870204,1987-02-11
1987.1,,,3.7,3.8,4.1,3.5,4.2,4.2,4.5,4.7,4.9,5,,,19870325,1987-03-31
1987.2,,3.7,3.8,4.4,4.4,4.4,4.4,4.9,5.2,5.4,5.4,,,,19870513,1987-05-19
1987.3,3.7,3.8,4.4,5,4.6,4.6,4.8,5.2,5.3,5.5,,,,,19870701,1987-07-07
1987.3,3.7,3.8,4.4,4.7,3.7,4.8,4.9,5.2,5.4,5.6,,,,,19870812,1987-08-18
1987.3,3.7,3.8,4.4,4.7,3.9,4.7,5.1,5.6,5.8,5.9,,,,,19870916,1987-09-22
1987.4,3.8,4.4,4.7,3.6,4.1,4.5,5.1,5.4,5.6,,,,,,19871028,1987-11-03
1987.4,3.8,4.4,4.7,3.6,4.5,4.3,4.8,5.1,5.3,,,,,,19871209,1987-12-16
1988.1,,,3.6,4.2,4.1,4.7,5,5,5.1,5.2,5.1,5,,,19880203,1988-02-10
1988.1,,,3.6,4.2,4.5,4.9,5.2,5.2,5.3,5.3,5.2,5.2,,,19880323,1988-03-29
1988.2,,3.6,4.2,4.4,5.3,4.9,5.1,5.1,5,4.8,4.7,,,,19880511,1988-05-17
1988.2,,3.6,4.2,4.4,4.7,4.5,5.2,5.1,5.1,5,5,,,,19880622,1988-06-30
1988.3,3.6,4.2,4.4,5,4.5,5.3,5.2,5.2,5.2,5.2,,,,,19880810,1988-08-16
1988.3,3.6,4.2,4.4,5,4.4,5.3,5.1,5.1,5.2,5.3,,,,,19880914,1988-09-20
1988.4,4.4,4.4,5,4,5,4.8,4.9,5,5,,,,,,19881026,1988-11-01
1988.4,,,,4,5.1,4.7,5.2,5.3,5.4,5.3,5.2,5.1,5.1,,19881207,1988-12-14
1989.1,,,4,4.6,4.8,5.2,5.3,5.6,5.7,5.7,5.6,5.6,,,19890201,1989-02-08
1989.1,,,4,4.9,5.2,5.2,5.3,5.6,5.8,5.8,5.7,5.7,,,19890322,1989-03-28
1989.2,,4,4.9,5.1,5,5.1,5.4,5.6,5.6,5.4,5.4,,,,19890510,1989-05-16
1989.2,,4,4.9,5.2,4.3,4.6,5,5.1,5.1,5,4.9,,,,19890628,1989-07-06
1989.3,4,4.9,5.2,4.1,4.2,4.7,4.8,4.9,5,5,,,,,19890816,1989-08-22
1989.3,4,4.9,5.2,4.1,3.7,4.4,4.3,4.4,4.4,4.5,4.8,4.5,4.5,4.5,19890927,1989-10-03
1989.4,4.9,5.2,4.1,3.5,4,4.2,4.3,4.4,4.5,4.8,4.5,4.5,4.5,,19891108,1989-11-14
1989.4,4.9,5.2,4.1,3.5,4.2,4,4.4,4.5,4.5,4.8,4.5,4.5,4.5,,19891213,1989-12-19
1990.1,,,3.5,4.7,4.3,4.7,4.7,4.6,4.8,4.7,4.6,4.6,,,19900131,1990-02-07
1990.1,,,3.8,4.4,5.8,4.1,4.7,4.7,4.9,4.7,4.6,4.6,,,19900321,1990-03-27
1990.2,,3.8,4.4,6.2,4.7,4.5,4.5,4.8,4.5,4.4,4.4,,,,19900509,1990-05-15
1990.2,,3.8,4.4,6.2,4.7,4.7,4.4,4.6,4.6,4.5,4.4,,,,19900627,1990-07-03
1990.3,3.8,4.4,6.2,4.9,5,5.1,5,4.8,4.7,4.6,4.6,4.5,4.4,4.4,19900815,1990-08-21
1990.3,3.8,4.4,6.2,4.9,5.9,4.9,6.4,5.2,5.1,5,4.8,4.5,4.3,4.2,19900926,1990-10-02
1990.4,4.4,6.2,4.9,5.8,5,5.8,5.6,4.9,4.5,4.4,4.2,4,3.9,,19901107,1990-11-13
1990.4,4.4,6.2,4.9,5.8,4.2,5.4,5,4.6,4.2,4.1,4.1,3.8,3.8,,19901212,1990-12-18
1991.1,6.2,4.9,5.8,3.9,5.2,4.5,4.7,4.6,4.3,4.1,3.9,3.8,,,19910130,1991-02-06
1991.1,5.9,4.9,6.1,4.2,7,3.9,4.2,4.1,4.3,3.8,3.5,3.5,,,19910320,1991-03-26
1991.2,4.9,6.1,4.2,6.8,3.7,3.9,3.9,4,3.5,3.1,3.1,,,,19910508,1991-05-14
1991.2,4.9,6.1,4.2,6.8,3.2,4.1,4.1,4.3,3.7,3.5,3.5,,,,19910628,1991-07-03
1991.3,6.1,4.2,6.8,3.5,4.2,3.9,4.2,3.8,3.6,3.5,3.4,3.3,3.2,3.1,19910814,1991-08-20
1991.3,6.1,4.2,6.8,3.5,4.2,3.8,4.1,3.7,3.6,3.4,3.4,3.3,3.2,3.2,19910925,1991-10-01
1991.4,4.2,6.8,3.5,4,3.9,4.2,3.8,3.7,3.6,3.4,3.3,3.2,3.2,,19911030,1991-11-05
1991.4,4.2,6.8,3.5,4,3.4,3.9,3.5,3.3,3.2,3.2,2.9,2.8,2.7,,19911211,1991-12-17
1992.1,6.8,3.5,4,3.7,4.1,3.4,3.2,3,3.1,2.8,2.7,2.6,,,19920130,1992-02-05
1992.1,6.5,3.8,4,3.7,3.8,3.8,3.3,3.1,3.1,2.9,2.8,2.7,,,19920325,1992-03-31
1992.2,3.8,4,3.7,3.9,4.3,3.6,3.3,3.3,3.1,3.1,3.1,,,,19920514,1992-05-19
1992.2,3.8,4,3.7,3.9,4,3.5,3.4,3.3,3.2,3.1,3.1,,,,19920626,1992-07-01
1992.3,4,3.7,3.9,3.9,2.9,3.7,3.1,3,3.1,2.9,2.7,2.5,2.4,2.4,19920813,1992-08-18
1992.3,4,3.7,3.9,3.9,2.7,3.5,2.9,2.7,2.7,2.6,2.4,2.2,2,2,19920930,1992-10-06
1992.4,3.7,3.9,3.9,2.5,2.7,2.8,2.5,2.5,2.3,2.2,2,1.9,1.9,,19921112,1992-11-17
1992.4,3.7,3.9,3.9,2.5,3.7,3,2.8,2.7,2.6,2.5,2.4,2.3,2.2,,19921216,1992-12-22
1993.1,3.9,3.9,2.5,3.6,2.9,2.9,2.8,2.7,2.5,2.4,2.3,2.2,,,19930129,1993-02-03
1993.1,4.2,3.3,2.7,3.6,4.3,3,2.7,2.7,2.7,2.7,2.6,2.6,,,19930317,1993-03-23
1993.2,3.3,2.7,3.6,4.1,3.3,2.8,3,3,3,3,2.9,,,,19930514,1993-05-18
1993.2,,2.7,3.6,4.1,3.4,2.8,2.9,3.5,3.1,3,3,,,,19930630,1993-07-07
1993.3,2.7,3.6,4.1,3.5,2.5,3.1,3.5,3.1,3,3,,,,,19930811,1993-08-17
1993.3,2.7,3.6,4.1,3.5,2.2,2.7,3.3,2.9,2.8,2.8,,,,,19930915,1993-09-21
1993.4,3.6,4.1,3.5,1.9,2.8,3.2,2.8,2.8,2.8,3.1,2.7,2.6,2.6,,19931110,1993-11-16
1993.4,3.6,4.1,3.5,1.9,2.7,3.3,2.9,2.9,2.9,3,2.9,2.8,2.8,,19931215,1993-12-21
1994.1,4.1,3.5,1.9,2.9,3.4,3.1,2.8,2.8,3.1,2.9,2.9,2.9,,,19940131,1994-02-04
1994.1,3.5,3.5,2.4,2.9,2.6,3.1,2.9,2.9,3,2.9,2.9,2.9,,,19940316,1994-03-22
1994.2,,2.4,2.9,2.6,3.1,3,2.8,2.9,2.8,2.8,2.8,,,,19940513,1994-05-17
1994.2,,2.4,2.9,2.6,3.1,3.3,3.2,3.2,3.1,3.1,3.1,,,,19940630,1994-07-06
1994.3,2.4,2.9,2.6,3.4,3.1,3.3,3.3,3.1,3.1,3.1,,,,,19940812,1994-08-16
1994.3,2.4,2.9,2.6,3.4,3,3.6,3.5,3.2,3.2,3.2,3.2,3.2,3.1,3.1,19940921,1994-09-27
1994.4,2.9,2.6,3.4,2.8,3.5,3.8,3.6,3.2,3.1,3.1,3.1,3.1,3.1,,19941109,1994-11-15
1994.4,2.9,2.6,3.4,2.8,2.6,3.5,3.3,3,2.9,3,3.1,3.1,3.1,,19941214,1994-12-20
1995.1,2.6,3.4,2.8,2.3,3.3,3.1,3.1,3.1,3.2,3.3,3.3,3.4,,,19950125,1995-02-01
1995.1,2.9,2.9,3.1,2.3,3.5,3.2,3.1,3.1,3.2,3.2,3.2,3.2,,,19950322,1995-03-28
1995.2,2.9,3.1,2.3,3.3,3.6,3,3,3.1,3.1,3.1,3.1,,,,19950517,1995-05-23
1995.2,2.9,3.1,2.3,3.3,3.6,3,2.9,2.9,2.9,2.9,2.9,,,,19950628,1995-07-06
1995.3,3.1,2.3,3.3,3.6,2.7,2.9,2.9,2.9,2.9,2.9,,,,,19950816,1995-08-22
1995.3,3.1,2.3,3.3,3.6,2.6,2.9,2.8,2.8,2.7,2.7,2.7,2.7,2.7,2.7,19950920,1995-09-26
1995.4,2.3,3.3,3.6,2.5,2.7,2.9,2.9,2.9,3,3,3,3,3,,19951108,1995-11-15
1995.4,2.3,3.3,3.6,2.5,2.7,2.7,2.9,2.9,3,3,3,3,3,,19951214,1995-12-19
1996.1,3.3,3.6,2.5,2.7,2.6,2.8,2.9,2.9,3,3,3,3,,,19960126,1996-01-31
1996.1,3.3,3.6,2.5,2.5,2.7,2.8,3,3,3.1,3.1,3.1,3.1,,,19960321,1996-03-26
1996.2,3.3,2.8,2.7,2.7,2.7,3.1,3.1,3.2,3.2,3.2,3.2,,,,19960516,1996-05-21
1996.2,3.3,2.8,2.7,2.7,2.6,3,3,3,3,3.1,3.1,,,,19960626,1996-07-03
1996.3,2.8,2.7,2.7,2.7,3,3,3,3.1,3.2,3.2,,,,,19960815,1996-08-20
1996.3,2.8,2.7,2.7,2.7,2.6,2.8,2.9,3,3.1,3.2,3,3,3.1,3.2,19960918,1996-09-24
1996.4,2.7,2.7,2.7,2.4,2.9,2.8,2.9,3,3.1,2.9,3,3,3.1,,19961106,1996-11-13
1996.4,2.7,2.7,2.7,2.4,2.7,2.7,2.8,2.9,2.9,2.8,2.9,2.9,3,,19961212,1996-12-17
1997.1,2.7,2.7,2.4,2.7,2.3,2.8,3,3.1,3.2,3.2,3.2,3.3,,,19970129,1997-02-05
1997.1,2.7,2.7,2.4,2.7,2.2,2.7,3,3.1,3.2,3.2,3.2,3.3,,,19970319,1997-03-25
1997.2,2.7,2.4,2.7,2.2,2.9,2.8,3.1,3.1,3.1,3.1,3.1,,,,19970515,1997-05-20
1997.2,2.7,2.4,2.7,2.2,2.9,2.6,2.9,2.9,2.9,3,3,,,,19970625,1997-07-02
1997.3,2.4,2.7,2.2,2.9,2.2,2.8,2.7,2.7,2.8,2.8,,,,,19970814,1997-08-19
1997.3,2.4,2.7,2.2,2.9,1.9,2.8,2.5,2.5,2.6,2.6,2.8,2.8,2.8,2.8,19970924,1997-09-30
1997.4,2.7,2.2,2.9,1.7,2.4,2.4,2.4,2.4,2.5,2.5,2.5,2.5,2.6,,19971106,1997-11-12
1997.4,2.7,2.2,2.9,1.7,2.2,2,2,2.2,2.2,2.2,2.2,2.2,2.2,,19971211,1997-12-16
1998.1,2.2,2.9,1.7,2.1,2,2,2.1,2.2,2,2,2,2,,,19980128,1998-02-04
1998.1,2.2,2.6,1.9,2.1,2.5,2.2,2.3,2.3,2.3,2.3,2.3,2.3,,,19980325,1998-03-31
1998.2,2.6,1.9,2.1,2.4,2.3,2.1,2.1,2.2,2.2,2.2,2.2,,,,19980514,1998-05-19
1998.2,2.6,1.9,2.1,2.4,2.7,2.2,2.1,2.3,2.3,2.3,2.3,,,,19980624,1998-07-01
1998.3,1.9,2.1,2.4,2.7,2,2.1,2.1,2.1,2.2,2.2,,,,,19980813,1998-08-18
1998.3,1.9,2.1,2.4,2.7,2.1,2.1,2.1,2.1,2.1,2.1,2.1,2.1,2.1,2.1,19980923,1998-09-29
1998.4,2.1,2.4,2.6,2.3,2.2,2.2,2.2,2.2,2.2,2.2,2.2,2.2,2.2,,19981112,1998-11-17
1998.4,2.1,2.4,2.6,2.3,2.5,3,2.1,2.1,2.1,2.3,2.3,2.3,2.3,,19981216,1998-12-22
1999.1,2.4,2.6,2.3,2.3,2.7,2.1,2.2,2.3,2.6,2.6,2.6,2.6,,,19990128,1999-02-03
1999.1,2.4,2.6,2.3,2.3,1.7,2,2.2,2.3,2.5,2.5,2.6,2.6,,,19990324,1999-03-30
1999.2,2.6,2.3,2.3,1.6,1.8,2.3,2.3,1.9,2.5,2.5,2.5,,,,19990513,1999-05-18
1999.2,2.6,2.3,2.1,1.6,2.5,2,2.3,2.3,2.5,2.6,2.7,,,,19990623,1999-06-30
1999.3,2.3,2.1,1.6,2.5,1.8,2.5,2.5,2.6,2.7,2.8,,,,,19990818,1999-08-24
1999.3,2.3,2.1,1.6,2.5,1.7,2.6,2.6,2.7,2.8,2.8,2.8,2.9,2.9,2.9,19990929,1999-10-05
1999.4,2.1,1.6,2.5,1.6,2.7,2.2,2.7,2.5,2.7,2.6,2.9,2.6,2.8,,19991110,1999-11-16
1999.4,2.1,1.6,2.5,1.6,2.6,2.2,2.8,2.5,2.7,2.7,3,2.8,2.9,,19991215,1999-12-21
2000.1,1.6,2.5,1.6,2.5,2.2,2.8,2.4,2.7,2.6,2.8,2.7,2.8,,,20000127,2000-02-02
2000.1,1.8,2.1,2.1,2.3,2.2,2.8,2.5,2.7,2.6,3,2.8,3,,,20000315,2000-03-21
2000.2,2.1,2.1,2.3,2.3,3.2,2.6,2.7,2.6,3,2.9,3,,,,20000511,2000-05-16
2000.2,2.1,2.1,2.3,2.3,2.8,2.4,2.8,2.7,3,2.8,2.9,,,,20000621,2000-06-28
2000.3,2.1,2.3,2.3,2.8,2.5,2.6,2.6,2.6,2.7,2.7,,,,,20000816,2000-08-22
2000.3,2.1,2.3,2.3,2.8,2.5,2.7,2.7,2.7,2.7,2.8,2.8,2.8,2.9,2.9,20000927,2000-10-03
2000.4,2.3,2.5,2.9,2.5,2.7,2.7,2.7,2.7,2.8,2.8,2.8,2.9,2.9,,20001108,2000-11-15
2000.4,2.3,2.5,2.9,2.5,2.5,2.6,2.6,2.6,2.6,2.6,2.6,2.6,2.6,,20001213,2000-12-19
2001.1,2.5,2.9,2.5,2.4,2.6,2.6,2.5,2.5,2.4,2.4,2.4,2.4,,,20010125,2001-01-31
2001.1,2.5,2.7,2.5,2.4,2.8,2.4,2.5,2.5,2.3,2.3,2.3,2.3,,,20010314,2001-03-20
2001.2,2.7,2.5,2.4,3.1,2.6,2.5,2.5,2.5,2.5,2.5,2.5,,,,20010509,2001-05-15
2001.2,2.7,2.5,2.4,3.1,2.5,2.3,2.5,2.5,2.5,2.5,2.5,,,,20010620,2001-06-27
2001.3,2.5,2.4,3.1,2.6,2.5,2.6,2.6,2.5,2.5,2.5,,,,,20010816,2001-08-21
2001.3,2.5,2.4,3.1,2.6,2.5,2.5,2.4,2.3,2.3,2.2,2.2,2.2,2.1,2.1,20010927,2001-10-02
2001.4,2.4,3.1,2.6,2.6,2.5,2.4,2.2,2.2,2.1,2.1,2,2,2,,20011031,2001-11-06
2001.4,2.4,3.1,2.6,2.6,2.4,2.2,2.1,2,1.9,1.9,1.8,1.8,1.8,,20011205,2001-12-11
2002.1,3.1,2.6,2.6,2.6,2.3,2.2,2.1,2,1.9,1.8,1.8,1.8,,,20020123,2002-01-30
2002.1,3.1,2.4,2.6,2.6,2.2,2.4,2.2,2,2.1,2.1,2.1,2.1,,,20020313,2002-03-19
2002.2,2.4,2.6,2.6,2.3,2.3,2.3,2.1,2.1,2,2,2,,,,20020501,2002-05-07
2002.2,2.4,2.6,2.6,2.3,2.4,2.2,2.2,2.1,2.1,2.1,2.1,,,,20020620,2002-06-26
2002.3,2.6,2.6,2.4,2.1,1.7,2.2,2.1,2.1,2.1,2.1,,,,,20020807,2002-08-13
2002.3,2.6,2.6,2.4,2.1,2.1,2.2,2.1,2.1,2.1,2,2,1.9,1.9,1.8,20020918,2002-09-24
2002.4,2.6,2.4,2.1,2.1,2.1,2,2,2,2,1.9,1.8,1.8,1.8,,20021030,2002-11-06
2002.4,2.6,2.4,2.1,2.1,2,2.1,2,2,2,1.9,1.9,1.9,1.9,,20021204,2002-12-10
2003.1,2.4,2.1,2.1,1.8,1.9,2,1.9,1.9,1.8,1.8,1.7,1.7,,,20030122,2003-01-29
2003.1,2.1,2.1,2.1,1.7,1.7,2.2,2,1.9,1.9,1.8,1.7,1.7,,,20030313,2003-03-18
2003.2,2.1,2.1,1.7,1.3,1.7,1.9,1.7,1.6,1.6,1.5,1.5,,,,20030430,2003-05-06
2003.2,2.1,2.1,1.7,1.3,1,1.8,1.7,1.6,1.5,1.4,1.3,,,,20030618,2003-06-25
2003.3,2.1,1.7,1.3,0.8,1.5,1.7,1.5,1.4,1.3,1.2,,,,,20030806,2003-08-12
2003.3,2.1,1.7,1.3,0.8,1.7,1.7,1.5,1.4,1.4,1.4,1.3,1.3,1.3,1.2,20030910,2003-09-16
2003.4,1.7,1.3,0.8,1.7,1.8,1.5,1.5,1.5,1.4,1.4,1.4,1.3,1.3,,20031022,2003-10-28
2003.4,1.7,1.3,0.8,1.7,1.8,1.6,1.5,1.5,1.5,1.5,1.5,1.5,1.5,,20031203,2003-12-09
2004.1,1.3,0.8,1.7,1,1.2,1.3,1.4,1.4,1.4,1.4,1.4,1.4,,,20040121,2004-01-28
2004.1,1.3,1,1.5,0.8,1.3,1.3,1.4,1.4,1.4,1.4,1.4,1.4,,,20040311,2004-03-16
2004.2,1,1.5,0.8,1.9,2,1.6,1.6,1.6,1.6,1.6,1.6,,,,20040428,2004-05-04
2004.2,1,1.5,0.8,1.9,3.1,2.2,2,2,2,2,2,,,,20040623,2004-06-30
2004.3,1.5,0.8,1.9,2.9,2,2,1.9,1.9,1.8,1.8,,,,,20040805,2004-08-10
2004.3,1.5,0.8,1.9,2.9,1.5,1.8,1.9,1.9,1.8,1.8,1.7,1.7,1.7,1.7,20040915,2004-09-21
2004.4,0.8,1.9,2.9,1.6,2.3,2,1.9,1.9,1.8,1.8,1.8,1.7,1.7,,20041103,2004-11-10
2004.4,0.8,1.9,2.9,1.6,2.4,2.1,2,2,1.9,1.9,1.8,1.8,1.8,,20041208,2004-12-14
2005.1,1.9,2.9,1.6,2.3,1.9,2,2,1.9,1.9,1.9,1.8,1.8,,,20050126,2005-02-02
2005.1,1.9,2.5,1.8,2.3,2.2,2.2,2.1,2.1,2,2,2,1.9,,,20050316,2005-03-22
2005.2,2.5,1.8,2.3,2.6,2.5,2.3,2.2,2.2,2.1,2,2,,,,20050428,2005-05-03
2005.2,2.5,1.8,2.3,2.6,2.1,2.4,2.4,2.4,2.3,2.2,2.2,,,,20050622,2005-06-30
2005.3,1.8,2.3,2.6,2,2.1,2.4,2.3,2.3,2.3,2.3,,,,,20050804,2005-08-09
2005.3,,,2.6,2,1.9,2.7,2.6,2.6,2.5,2.4,2.3,2.2,2.2,2.2,20050914,2005-09-20
2005.4,,2.6,2,1.4,2.2,2.7,2.6,2.5,2.4,2.3,2.2,2.1,2.1,,20051026,2005-11-01
2005.4,,2.6,2,1.4,2.2,2.4,2.4,2.4,2.3,2.2,2.1,2.1,2.1,,20051207,2005-12-13
2006.1,2.6,2,1.4,2.4,2.6,2.5,2.5,2.4,2.3,2.2,2.1,2.1,,,20060125,2006-01-31
2006.1,2.6,1.8,1.6,2.4,2.2,2.4,2.4,2.4,2.3,2.2,2.2,2.1,,,20060322,2006-03-28
2006.2,1.8,1.6,2.4,2.4,2.7,2.4,2.4,2.3,2.3,2.2,2.2,,,,20060503,2006-05-10
2006.2,1.8,1.6,2.4,2.4,3.4,2.5,2.4,2.4,2.4,2.4,2.3,,,,20060621,2006-06-29
2006.3,1.6,2.4,2.4,3.6,3,2.9,2.6,2.5,2.4,2.4,,,,,20060803,2006-08-08
2006.3,,,2.4,3.6,3,2.9,2.6,2.5,2.5,2.4,2.4,2.4,2.3,2.3,20060913,2006-09-20
2006.4,,2.4,3.6,3,2.9,2.6,2.5,2.5,2.4,2.4,2.4,2.3,2.3,,20061018,2006-10-25
2006.4,,2.4,3.6,3,2.3,2.7,2.6,2.5,2.5,2.4,2.4,2.3,2.3,,20061206,2006-12-12
2007.1,2.4,3.6,3,1.8,2.4,2.5,2.3,2.3,2.2,2.2,2.2,2.2,,,20070124,2007-01-31
2007.1,2.4,3.2,3.2,1.8,2.4,2.5,2.4,2.3,2.3,2.3,2.2,2.2,,,20070314,2007-03-21
2007.2,3.2,3.2,1.8,2.3,2.4,2.5,2.5,2.4,2.4,2.3,2.2,,,,20070502,2007-05-09
2007.2,3.2,3.2,1.8,2.3,1.9,2.4,2.4,2.3,2.3,2.2,2.2,,,,20070620,2007-06-28
2007.3,3.2,1.8,2.3,1.9,2.4,2.4,2.3,2.3,2.2,2.2,,,,,20070802,2007-08-07
2007.3,,,2.3,1.9,2.6,2.3,2.2,2.2,2.1,2.1,2.1,2.1,2.1,2.1,20070912,2007-09-18
2007.4,,2.3,1.9,2.5,2.3,2.2,2.2,2.1,2.1,2.1,2.1,2.1,2.1,,20071024,2007-10-31
2007.4,,2.3,1.9,2.5,2.3,2.3,2.2,2.2,2.1,2.1,2.1,2.1,2.1,,20071205,2007-12-11
2008.1,2.3,1.9,2.5,2.5,2.7,2.3,2.2,2.2,2.2,2.2,2.1,2.1,,,20080123,2008-01-30
2008.1,2.3,2,2.5,2.5,3,2.4,2.4,2.3,2.2,2.2,2.1,2.1,,,20080313,2008-03-18
2008.2,2,2.5,2.5,2.5,2.3,2.6,2.5,2.4,2.2,2.1,2.1,,,,20080423,2008-04-30
2008.2,2,2.5,2.5,2.5,1.7,2.6,2.7,2.5,2.4,2.3,2.3,,,,20080618,2008-06-25
2008.3,2.5,2.5,2.5,1.9,2.8,2.7,2.5,2.4,2.3,2.3,,,,,20080730,2008-08-05
2008.3,,,2.5,1.9,3.4,2.7,2.5,2.3,2.2,2.2,2.2,2.1,2.1,2.1,20080910,2008-09-16
2008.4,,2.5,1.9,3.2,2.2,2.1,1.8,1.6,1.6,1.6,1.6,1.5,1.5,,20081022,2008-10-29
2008.4,,2.5,1.9,3.2,0.8,1.6,1.5,1.3,1,1,1,1,0.9,,20081210,2008-12-16
2009.1,2.5,1.9,3.2,0.4,0.9,1.7,1.3,1.1,1,1,1,0.9,,,20090122,2009-01-28
2009.1,2.5,2,2.8,0.6,1.3,1.6,1.2,1,0.8,0.7,0.7,0.6,,,20090312,2009-03-18
2009.2,2,2.8,0.6,1.5,1.5,1.2,1,0.9,0.9,0.9,0.8,,,,20090422,2009-04-29
2009.2,2,2.8,0.6,1.5,2.3,1.2,1.1,1,1,0.9,0.9,,,,20090617,2009-06-24
2009.3,2.8,0.6,1.5,2.4,1.5,1.3,1.1,1,1,1,,,,,20090806,2009-08-12
2009.3,,,1.5,2.4,1.5,1.5,1.2,1.2,1.2,1.2,1.1,1.1,1.1,1.1,20090916,2009-09-23
2009.4,,1.5,2.4,1.5,1.5,1.2,1.1,1.2,1.2,1.1,1.1,1.1,1.2,,20091029,2009-11-04
2009.4,,1.5,2.4,1.5,1.7,1.4,1.3,1.2,1.2,1.2,1.2,1.2,1.3,,20091209,2009-12-16
2010.1,1.5,2.4,1.5,1.5,1.3,1.3,1.2,1.2,1.2,1.2,1.2,1.2,,,20100120,2010-01-27
2010.1,1.6,2.3,1.5,1.5,0.2,1.1,1.1,1.1,1.1,1,1,1,,,20100310,2010-03-16
2010.2,2.3,1.5,1.5,0,0.6,0.9,0.9,0.9,0.9,0.9,0.9,,,,20100421,2010-04-28
2010.2,2.3,1.5,1.5,0,0.6,0.7,0.7,0.8,0.8,0.8,0.8,,,,20100616,2010-06-23
2010.3,1.5,1.5,0,0.9,1.1,0.9,0.8,0.9,0.9,0.9,,,,,20100804,2010-08-10
2010.3,,,0,0.9,1.6,1.3,1,0.9,0.9,0.9,1,1,1,1,20100915,2010-09-21
2010.4,,0,0.9,1.2,0.9,1.1,1,1,1,1,1.1,1.1,1.2,,20101027,2010-11-03
2010.4,,0,0.9,1.2,0.3,0.9,0.9,0.9,0.9,0.9,1,1,1.1,,20101208,2010-12-14
2011.1,0,0.9,1.2,0.4,1,1,1,0.9,1,1,1.1,1.1,,,20110119,2011-01-26
2011.1,0,0.8,1.1,0.6,1.5,1.3,1,1,1.1,1.2,1.2,1.3,,,20110309,2011-03-15
2011.2,0.8,1.1,0.6,1.7,1.8,1.3,1.2,1.4,1.4,1.5,1.5,,,,20110420,2011-04-27
2011.2,0.8,1.1,0.6,1.7,2.4,1.9,1.4,1.5,1.6,1.6,1.6,,,,20110615,2011-06-22
2011.3,1.1,0.6,1.7,2.5,2.6,1.8,1.7,1.6,1.6,1.6,,,,,20110803,2011-08-09
2011.3,,,1.7,2.5,2.6,2,1.7,1.6,1.6,1.5,1.4,1.4,1.4,1.4,20110914,2011-09-21
2011.4,,1.7,2.5,2.7,1.9,1.8,1.6,1.6,1.5,1.5,1.5,1.5,1.5,,20111026,2011-11-02
2011.4,,1.7,2.5,2.7,1.7,1.8,1.6,1.5,1.5,1.5,1.5,1.5,1.5,,20111207,2011-12-13
2012.1,1.7,2.5,2.7,1.7,1.7,1.5,1.5,1.5,1.5,1.5,1.5,1.5,,,20120118,2012-01-25
2012.1,1.8,2.4,2.5,1.9,2.1,2,1.6,1.6,1.6,1.7,1.7,1.7,,,20120307,2012-03-13
2012.2,2.4,2.5,1.9,2.1,2.2,1.8,1.7,1.7,1.8,1.8,1.8,,,,20120418,2012-04-25
2012.2,2.4,2.5,1.9,2.1,2.5,1.8,1.5,1.7,1.7,1.7,1.7,,,,20120613,2012-06-20
2012.3,2.5,1.9,2.1,2.6,2.1,1.5,1.7,1.7,1.7,1.7,,,,,20120725,2012-08-01
2012.3,2.5,1.9,2.1,2.6,1.8,1.8,1.7,1.7,1.7,1.7,,,,,20120905,2012-09-13
2012.4,1.9,2.1,2.6,1.5,1.7,1.7,1.7,1.7,1.7,,,,,,20121017,2012-10-24
2012.4,,,2.6,1.5,1.8,2,1.7,1.7,1.6,1.8,1.8,1.8,1.7,,20121205,2012-12-12
2013.1,,2.6,1.5,1.6,1.9,1.8,1.7,1.6,1.8,1.8,1.8,1.7,,,20130123,2013-01-30
2013.1,,2.4,1.6,1.7,2.1,1.8,1.7,1.7,1.9,1.9,1.9,1.8,,,20130313,2013-03-20
2013.2,2.4,1.6,1.7,2.1,1.9,1.7,1.7,1.9,1.9,1.9,1.8,,,,20130424,2013-05-01
2013.2,2.4,1.6,1.7,2.1,1.3,1.7,1.7,1.9,1.8,1.8,1.8,,,,20130612,2013-06-19
2013.3,1.6,1.7,2.1,1.4,1.8,1.7,1.8,1.8,1.8,1.8,,,,,20130724,2013-07-31
2013.3,,,,1.4,1.8,1.6,1.8,1.8,1.8,1.9,2,1.9,1.9,1.8,20130911,2013-09-18
2013.4,,,1.4,1.8,1.7,1.8,1.8,1.8,1.9,2,1.9,1.9,1.8,,20131023,2013-10-30
2013.4,,,1.4,1.8,1.6,1.9,1.9,1.9,1.7,1.9,1.9,1.9,1.8,,20131212,2013-12-18
2014.1,,1.4,1.8,1.6,1.8,2,2,1.8,2,2.1,2.1,2,,,20140123,2014-01-29
2014.1,,1.4,1.8,1.6,1.7,2,2,2,2.1,2.1,2,1.9,,,20140312,2014-03-19
2014.2,1.4,1.8,1.6,1.6,2,2,2,2.1,2.1,2,1.9,,,,20140423,2014-04-30
2014.2,1.4,1.8,1.6,1.6,2.4,2,1.9,1.9,2,2,1.9,,,,20140611,2014-06-18
2014.3,1.8,1.6,1.6,2.5,2.1,2.1,2.2,2.2,2.1,2.1,,,,,20140723,2014-07-30
2014.3,,,,2.5,1.7,1.9,2.1,2.2,2.1,2.1,2.2,2.2,2.1,2.1,20140910,2014-09-17
2014.4,,,2.5,1.3,1.6,2,2,2,2,2.1,2.1,2,2,,20141022,2014-10-29
2014.4,,,2.5,1.3,1.9,2,1.9,2,2,2,2,2.1,2.1,,20141210,2014-12-17
2015.1,,2.5,1.3,1.4,1.4,2,2,2,2,2,2.1,2.1,,,20150121,2015-01-28
2015.1,,2.2,1.4,1.5,1.5,1.8,1.9,2,2,2,2,2.1,,,20150311,2015-03-18
2015.2,2.2,1.4,1.5,1.7,2.2,1.8,1.9,2,2,2,2,,,,20150422,2015-04-29
2015.2,2.2,1.4,1.5,1.7,2.6,1.9,1.7,2,2,2,2,,,,20150610,2015-06-17
2015.3,1.4,1.5,1.7,2.5,1.9,1.7,2,2,2,2,,,,,20150722,2015-07-29
2015.3,,,,2.5,1.8,1.6,2,2,2,2,2.1,2.1,2.1,2,20150909,2015-09-17
2015.4,,,2.5,1.7,1.7,2,2,2,2,2.1,2.1,2.1,2.1,,20151021,2015-10-28
2015.4,,,2.5,1.7,2.1,2,2,2.1,2.1,2.2,2.2,2.2,2.2,,20151209,2015-12-16
2016.1,,2.5,1.7,2.1,1.9,2,2,2,2.1,2.2,2.2,2.2,,,20160120,2016-01-27
2016.1,,2.3,1.8,2.2,2.5,2.1,1.9,1.9,2,2.1,2.1,2.1,,,20160309,2016-03-16
2016.2,2.3,1.8,2.2,2.7,2,2,1.9,2.1,2.2,2.1,2,,,,20160420,2016-04-27
2016.2,2.3,1.8,2.2,2.7,2,2,1.9,2.1,2.2,2.2,2.3,,,,20160608,2016-06-15
2016.3,1.8,2.2,2.7,2.1,2.1,1.9,2.1,2.2,2.2,2.3,,,,,20160720,2016-07-27
2016.3,,,,2.1,1.9,2.2,2.2,2.2,2.2,2.2,2.3,2.3,2.3,2.3,20160914,2016-09-21
2016.4,,,2.1,1.9,2.1,2.4,2.3,2.3,2.2,2.3,2.3,2.3,2.3,,20161026,2016-11-02
2016.4,,,2.1,1.9,1.9,2.3,2.3,2.3,2.3,2.3,2.3,2.3,2.3,,20161207,2016-12-14
2017.1,,2.1,1.9,2,2.6,2.4,2.3,2.3,2.4,2.4,2.4,2.4,,,20170123,2017-02-01
2017.1,,2.1,2.1,2,2.9,2.3,2.3,2.2,2.4,2.4,2.4,2.4,,,20170303,2017-03-15
2017.2,2.1,2.1,2,2.5,1.9,2.3,2.2,2.4,2.4,2.4,2.5,,,,20170421,2017-05-03
2017.2,2.1,2.1,2,2.5,1,2.3,2.3,2.4,2.4,2.5,2.5,,,,20170605,2017-06-14
2017.3,2.1,2,2.5,0.6,1.9,2.3,2.5,2.5,2.4,2.5,,,,,20170714,2017-07-26
2017.3,,,,0.6,1.5,2.3,2.3,2.5,2.3,2.3,2.5,2.5,2.5,2.5,20170908,2017-09-20
2017.4,,,0.6,1.7,2,2.2,2.4,2.3,2.2,2.4,2.4,2.4,2.5,,20171020,2017-11-01
2017.4,,,0.6,1.7,2.2,2.2,2.3,2.3,2.2,2.4,2.4,2.4,2.5,,20171201,2017-12-13
,,,,,,,,,,,,,,,,
,,,,,,,,,,,,,,,,
